container_number,temp_mae,hum_mae
(T01)GHMU**1429,4.3479834,10.20556
(T01)GHMU**1429-1,4.328546,10.180481
(T02)GHMU**1428,4.35604,8.20062
(T04)GHMU**14280,1.775473,4.92842
