target,mae,rmse,r2,safe_mape,smape,wape
temperature,3.900122,4.395666,0.6510172809605486,83.72595310211182,53.24992537498474,37.3073639688626
humidity,8.748304,9.960936,0.6964834115773583,26.600372791290283,32.69036412239075,22.280701724148944
